{
    "swagger": "2.0",
    "info": {
        "description": "This is a sample server celler server.",
        "title": "Swagger Example API",
        "contact": {},
        "version": "1.0"
    },
    "paths": {
        "/customer": {
            "post": {
                "security": [
                    {
                        "ApiKeyAuth": []
                    }
                ],
                "description": "create a new customer",
                "consumes": [
                    "application/json"
                ],
                "produces": [
                    "application/json"
                ],
                "tags": [
                    "customer"
                ],
                "summary": "Creates a new customers",
                "parameters": [
                    {
                        "description": "customer",
                        "name": "customer",
                        "in": "body",
                        "schema": {
                            "$ref": "#/definitions/models.CreateCustomer"
                        }
                    }
                ],
                "responses": {
                    "201": {
                        "description": "Created",
                        "schema": {
                            "$ref": "#/definitions/models.Customer"
                        }
                    },
                    "400": {
                        "description": "Bad Request",
                        "schema": {
                            "$ref": "#/definitions/models.Response"
                        }
                    },
                    "404": {
                        "description": "Not Found",
                        "schema": {
                            "$ref": "#/definitions/models.Response"
                        }
                    },
                    "500": {
                        "description": "Internal Server Error",
                        "schema": {
                            "$ref": "#/definitions/models.Response"
                        }
                    }
                }
            }
        },
        "/customer/login": {
            "post": {
                "description": "Customer login",
                "consumes": [
                    "application/json"
                ],
                "produces": [
                    "application/json"
                ],
                "tags": [
                    "auth"
                ],
                "summary": "Customer login",
                "parameters": [
                    {
                        "description": "login",
                        "name": "login",
                        "in": "body",
                        "required": true,
                        "schema": {
                            "$ref": "#/definitions/models.CustomerLoginRequest"
                        }
                    }
                ],
                "responses": {
                    "201": {
                        "description": "Created",
                        "schema": {
                            "$ref": "#/definitions/models.CustomerLoginResponse"
                        }
                    },
                    "400": {
                        "description": "Bad Request",
                        "schema": {
                            "$ref": "#/definitions/models.Response"
                        }
                    },
                    "404": {
                        "description": "Not Found",
                        "schema": {
                            "$ref": "#/definitions/models.Response"
                        }
                    },
                    "500": {
                        "description": "Internal Server Error",
                        "schema": {
                            "$ref": "#/definitions/models.Response"
                        }
                    }
                }
            }
        },
        "/customer/password": {
            "patch": {
                "security": [
                    {
                        "ApiKeyAuth": []
                    }
                ],
                "description": "updating password",
                "consumes": [
                    "application/json"
                ],
                "produces": [
                    "application/json"
                ],
                "tags": [
                    "Password and Status"
                ],
                "summary": "updating password",
                "parameters": [
                    {
                        "description": "customer",
                        "name": "customer",
                        "in": "body",
                        "required": true,
                        "schema": {
                            "$ref": "#/definitions/models.PasswordOfCustomer"
                        }
                    }
                ],
                "responses": {
                    "200": {
                        "description": "OK",
                        "schema": {
                            "$ref": "#/definitions/models.PasswordOfCustomer"
                        }
                    },
                    "400": {
                        "description": "Bad Request",
                        "schema": {
                            "$ref": "#/definitions/models.Response"
                        }
                    },
                    "404": {
                        "description": "Not Found",
                        "schema": {
                            "$ref": "#/definitions/models.Response"
                        }
                    },
                    "500": {
                        "description": "Internal Server Error",
                        "schema": {
                            "$ref": "#/definitions/models.Response"
                        }
                    }
                }
            }
        },
        "/customer/register": {
            "post": {
                "description": "Customer register",
                "consumes": [
                    "application/json"
                ],
                "produces": [
                    "application/json"
                ],
                "tags": [
                    "auth"
                ],
                "summary": "Customer register",
                "parameters": [
                    {
                        "description": "register",
                        "name": "register",
                        "in": "body",
                        "required": true,
                        "schema": {
                            "$ref": "#/definitions/models.CustomerRegisterRequest"
                        }
                    }
                ],
                "responses": {
                    "201": {
                        "description": "Created",
                        "schema": {
                            "$ref": "#/definitions/models.Response"
                        }
                    },
                    "400": {
                        "description": "Bad Request",
                        "schema": {
                            "$ref": "#/definitions/models.Response"
                        }
                    },
                    "404": {
                        "description": "Not Found",
                        "schema": {
                            "$ref": "#/definitions/models.Response"
                        }
                    },
                    "500": {
                        "description": "Internal Server Error",
                        "schema": {
                            "$ref": "#/definitions/models.Response"
                        }
                    }
                }
            }
        },
        "/customer/register-confirm": {
            "post": {
                "description": "Customer register",
                "consumes": [
                    "application/json"
                ],
                "produces": [
                    "application/json"
                ],
                "tags": [
                    "auth"
                ],
                "summary": "Customer register",
                "parameters": [
                    {
                        "description": "register",
                        "name": "register",
                        "in": "body",
                        "required": true,
                        "schema": {
                            "$ref": "#/definitions/models.CustomerRegisterConfRequest"
                        }
                    }
                ],
                "responses": {
                    "201": {
                        "description": "Created",
                        "schema": {
                            "$ref": "#/definitions/models.CustomerLoginResponse"
                        }
                    },
                    "400": {
                        "description": "Bad Request",
                        "schema": {
                            "$ref": "#/definitions/models.Response"
                        }
                    },
                    "404": {
                        "description": "Not Found",
                        "schema": {
                            "$ref": "#/definitions/models.Response"
                        }
                    },
                    "500": {
                        "description": "Internal Server Error",
                        "schema": {
                            "$ref": "#/definitions/models.Response"
                        }
                    }
                }
            }
        },
        "/customer/{id}": {
            "get": {
                "security": [
                    {
                        "ApiKeyAuth": []
                    }
                ],
                "description": "get customer by ID",
                "consumes": [
                    "application/json"
                ],
                "produces": [
                    "application/json"
                ],
                "tags": [
                    "customer"
                ],
                "summary": "Gets customer",
                "parameters": [
                    {
                        "type": "string",
                        "description": "customer",
                        "name": "id",
                        "in": "path",
                        "required": true
                    }
                ],
                "responses": {
                    "201": {
                        "description": "Created",
                        "schema": {
                            "$ref": "#/definitions/models.Customer"
                        }
                    },
                    "400": {
                        "description": "Bad Request",
                        "schema": {
                            "$ref": "#/definitions/models.Response"
                        }
                    },
                    "404": {
                        "description": "Not Found",
                        "schema": {
                            "$ref": "#/definitions/models.Response"
                        }
                    },
                    "500": {
                        "description": "Internal Server Error",
                        "schema": {
                            "$ref": "#/definitions/models.Response"
                        }
                    }
                }
            },
            "put": {
                "security": [
                    {
                        "ApiKeyAuth": []
                    }
                ],
                "description": "Update customer",
                "consumes": [
                    "application/json"
                ],
                "produces": [
                    "application/json"
                ],
                "tags": [
                    "customer"
                ],
                "summary": "Update customer",
                "parameters": [
                    {
                        "type": "string",
                        "description": "customer_id",
                        "name": "id",
                        "in": "path",
                        "required": true
                    },
                    {
                        "description": "customer",
                        "name": "car",
                        "in": "body",
                        "required": true,
                        "schema": {
                            "$ref": "#/definitions/models.UpdateCustomer"
                        }
                    }
                ],
                "responses": {
                    "201": {
                        "description": "Created",
                        "schema": {
                            "$ref": "#/definitions/models.Customer"
                        }
                    },
                    "400": {
                        "description": "Bad Request",
                        "schema": {
                            "$ref": "#/definitions/models.Response"
                        }
                    },
                    "404": {
                        "description": "Not Found",
                        "schema": {
                            "$ref": "#/definitions/models.Response"
                        }
                    },
                    "500": {
                        "description": "Internal Server Error",
                        "schema": {
                            "$ref": "#/definitions/models.Response"
                        }
                    }
                }
            },
            "delete": {
                "security": [
                    {
                        "ApiKeyAuth": []
                    }
                ],
                "description": "Delete customer",
                "consumes": [
                    "application/json"
                ],
                "produces": [
                    "application/json"
                ],
                "tags": [
                    "customer"
                ],
                "summary": "Delete customer",
                "parameters": [
                    {
                        "type": "string",
                        "description": "customer_id",
                        "name": "id",
                        "in": "path",
                        "required": true
                    }
                ],
                "responses": {
                    "201": {
                        "description": "Created",
                        "schema": {
                            "$ref": "#/definitions/models.Response"
                        }
                    },
                    "400": {
                        "description": "Bad Request",
                        "schema": {
                            "$ref": "#/definitions/models.Response"
                        }
                    },
                    "404": {
                        "description": "Not Found",
                        "schema": {
                            "$ref": "#/definitions/models.Response"
                        }
                    },
                    "500": {
                        "description": "Internal Server Error",
                        "schema": {
                            "$ref": "#/definitions/models.Response"
                        }
                    }
                }
            },
            "patch": {
                "security": [
                    {
                        "ApiKeyAuth": []
                    }
                ],
                "description": "Update customer status",
                "consumes": [
                    "application/json"
                ],
                "produces": [
                    "application/json"
                ],
                "tags": [
                    "Password and Status"
                ],
                "summary": "Update customer status",
                "parameters": [
                    {
                        "type": "string",
                        "description": "customer_id",
                        "name": "id",
                        "in": "path",
                        "required": true
                    },
                    {
                        "description": "customer",
                        "name": "car",
                        "in": "body",
                        "required": true,
                        "schema": {
                            "$ref": "#/definitions/models.UpdateCustomer"
                        }
                    }
                ],
                "responses": {
                    "201": {
                        "description": "Created",
                        "schema": {
                            "$ref": "#/definitions/models.Customer"
                        }
                    },
                    "400": {
                        "description": "Bad Request",
                        "schema": {
                            "$ref": "#/definitions/models.Response"
                        }
                    },
                    "404": {
                        "description": "Not Found",
                        "schema": {
                            "$ref": "#/definitions/models.Response"
                        }
                    },
                    "500": {
                        "description": "Internal Server Error",
                        "schema": {
                            "$ref": "#/definitions/models.Response"
                        }
                    }
                }
            }
        },
        "/customers": {
            "get": {
                "security": [
                    {
                        "ApiKeyAuth": []
                    }
                ],
                "description": "get customer list",
                "consumes": [
                    "application/json"
                ],
                "produces": [
                    "application/json"
                ],
                "tags": [
                    "customer"
                ],
                "summary": "Get customer list",
                "parameters": [
                    {
                        "type": "string",
                        "description": "page",
                        "name": "page",
                        "in": "query"
                    },
                    {
                        "type": "string",
                        "description": "limit",
                        "name": "limit",
                        "in": "query"
                    },
                    {
                        "type": "string",
                        "description": "search",
                        "name": "search",
                        "in": "query"
                    }
                ],
                "responses": {
                    "201": {
                        "description": "Created",
                        "schema": {
                            "$ref": "#/definitions/models.GetAllCustomersRequest"
                        }
                    },
                    "400": {
                        "description": "Bad Request",
                        "schema": {
                            "$ref": "#/definitions/models.Response"
                        }
                    },
                    "404": {
                        "description": "Not Found",
                        "schema": {
                            "$ref": "#/definitions/models.Response"
                        }
                    },
                    "500": {
                        "description": "Internal Server Error",
                        "schema": {
                            "$ref": "#/definitions/models.Response"
                        }
                    }
                }
            }
        }
    },
    "definitions": {
        "models.CreateCustomer": {
            "type": "object",
            "properties": {
                "active": {
                    "type": "boolean"
                },
                "first_name": {
                    "type": "string"
                },
                "id": {
                    "type": "string"
                },
                "last_name": {
                    "type": "string"
                },
                "mail": {
                    "type": "string"
                },
                "password": {
                    "type": "string"
                },
                "phone": {
                    "type": "string"
                },
                "sex": {
                    "type": "string"
                }
            }
        },
        "models.Customer": {
            "type": "object",
            "properties": {
                "active": {
                    "type": "boolean"
                },
                "createdAt": {
                    "type": "string"
                },
                "first_name": {
                    "type": "string"
                },
                "id": {
                    "type": "string"
                },
                "last_name": {
                    "type": "string"
                },
                "mail": {
                    "type": "string"
                },
                "password": {
                    "type": "string"
                },
                "phone": {
                    "type": "string"
                },
                "sex": {
                    "type": "string"
                },
                "updatedAt": {
                    "type": "string"
                }
            }
        },
        "models.CustomerLoginRequest": {
            "type": "object",
            "properties": {
                "login": {
                    "type": "string"
                },
                "password": {
                    "type": "string"
                }
            }
        },
        "models.CustomerLoginResponse": {
            "type": "object",
            "properties": {
                "access_token": {
                    "type": "string"
                },
                "refresh_token": {
                    "type": "string"
                }
            }
        },
        "models.CustomerRegisterConfRequest": {
            "type": "object",
            "properties": {
                "customer": {
                    "$ref": "#/definitions/models.CreateCustomer"
                },
                "mail": {
                    "type": "string"
                },
                "otp": {
                    "type": "string"
                }
            }
        },
        "models.CustomerRegisterRequest": {
            "type": "object",
            "properties": {
                "mail": {
                    "type": "string"
                }
            }
        },
        "models.GetAllCustomersRequest": {
            "type": "object",
            "properties": {
                "limit": {
                    "type": "integer"
                },
                "page": {
                    "type": "integer"
                },
                "search": {
                    "type": "string"
                }
            }
        },
        "models.PasswordOfCustomer": {
            "type": "object",
            "properties": {
                "new_password": {
                    "type": "string"
                },
                "password": {
                    "type": "string"
                },
                "phone": {
                    "type": "string"
                }
            }
        },
        "models.Response": {
            "type": "object",
            "properties": {
                "data": {},
                "description": {
                    "type": "string"
                },
                "statusCode": {
                    "type": "integer"
                }
            }
        },
        "models.UpdateCustomer": {
            "type": "object",
            "properties": {
                "active": {
                    "type": "boolean"
                },
                "first_name": {
                    "type": "string"
                },
                "id": {
                    "type": "string"
                },
                "last_name": {
                    "type": "string"
                },
                "mail": {
                    "type": "string"
                },
                "password": {
                    "type": "string"
                },
                "phone": {
                    "type": "string"
                },
                "sex": {
                    "type": "string"
                }
            }
        }
    },
    "securityDefinitions": {
        "ApiKeyAuth": {
            "type": "apiKey",
            "name": "Authorization",
            "in": "header"
        }
    }
}